table,name
1,Gage Davies
1,Donte Brandt
1,Abigail Bush
1,Vincent Patel
1,Miah Buckley
2,Daniela Odonnell
2,Shelby Fuller
2,Monique Mullins
2,Jane Wong
2,Skyler Mccarty
3,Mariana Hunt
3,Brody Terry
3,Caden Dodson
3,Brenden Lawson
3,Frederick Hughes
4,Tripp Garner
4,Luna Smith
4,Wendy Lane
4,Brianna Bautista
4,Sarai Gallegos
5,Olivia Rich
5,Donovan Graham
5,Bradley Sexton
5,Saniya Day
5,Jane Wong
6,Conner Glass
6,Alex Lloyd
6,Dario Gibson
6,Kyle Carroll
6,Maren Villa
7,Isaiah Holloway
7,Trace Guzman
7,Ingrid Huff
7,Charlie King
7,Amirah Villegas
8,Kaila Ewing
8,Kyra Barrett
8,Frederick Koch
8,Lisa Galvan
8,Brisa Marshall
9,Ayanna Khan
9,Mya Campos
9,Lisa Russell
9,Alex Lloyd
9,Braedon Santos
10,Marcelo Barker
10,Skye Hahn
10,Michael Bauer
10,Monica Macdonald
10,Ezra Whitaker
11,Ralph Anderson
11,Reynaldo Bass
11,Guadalupe Richard
11,Victor Farley
11,Cameron Nelson
12,Brooke Tran
12,Kendra Chase
12,Bradley White
12,Mallory Velez
12,Christian Newman
13,Braydon Glover
13,Jaylynn Rangel
13,Marcelo Compton
13,Curtis Krause
13,Tamia Tate
14,Shaylee Rhodes
14,Vincent Atkins
14,Axel Riley
14,Juliette Gibbs
14,Regan Bass
15,Jean Blair
15,Jayden McGee
15,Riya Le
15,Haleigh Zuniga
15,Annabelle Price
16,Alec Winters
16,Samson Zavala
16,Rohan Buck
16,German Golden
16,Owen Oconnell
17,Mia Simpson
17,Evelyn Chang
17,Kaliyah Valdez
17,Addyson Lester
17,Addisyn Fuller
18,Kenny Mccarty
18,Kaylen Swanson
18,Mila Contreras
18,Mia Simpson
18,Yasmin Sanchez
19,Jamari Nichols
19,Raquel Marsh
19,Danielle Beck
19,Dean Schaefer
19,Erika Rocha
20,Leyla Holmes
20,Yovela Dunn
20,Kyla Shields
20,Marques Jenkins
20,Emilee Hurst